user_id,day_type,work_hours,screen_time_hours,meetings_count,breaks_taken,after_hours_work,sleep_hours,task_completion_rate,burnout_score,burnout_risk
848,Weekday,6.61,7.02,2,6,0,7.87,87.9,25.6,Low
240,Weekday,10.87,10.79,8,1,1,6.34,71.4,78.72,High
852,Weekday,7.1,6.04,0,6,0,8.74,93.3,24.82,Low
113,Weekday,9.7,10.77,6,0,1,5.14,79.6,72.95,High
268,Weekday,11.35,13.66,7,0,1,5.37,70.3,96.69,High
628,Weekday,6.98,4.19,0,5,0,7.7,97.6,27.4,Low
196,Weekday,11.42,10.91,7,1,1,4.75,73.7,71.83,High
260,Weekday,11.67,12.51,7,0,1,4.55,55.9,94.64,High
563,Weekday,8.25,7.33,4,3,0,7.4,79.2,46.55,Medium
880,Weekday,7.79,6.62,3,5,0,9.1,97.3,18.42,Low
737,Weekday,6.62,6.75,2,3,0,8.43,88.1,11.23,Low
835,Weekday,7.16,7.99,1,5,0,8.96,90.1,21.73,Low
138,Weekday,11.8,13.94,6,0,1,5.52,69.3,73.3,High
352,Weekday,7.5,9.7,5,4,0,6.79,82.0,68.9,Medium
625,Weekday,6.16,6.08,3,8,0,7.91,86.5,39.41,Low
538,Weekday,7.52,9.03,5,3,0,6.93,83.5,69.12,Medium
596,Weekday,7.22,7.67,3,3,1,6.15,75.1,60.81,Medium
310,Weekday,7.99,8.68,4,3,1,8.0,72.4,45.89,Medium
632,Weekday,7.64,5.46,3,7,0,7.0,93.6,28.69,Low
445,Weekday,9.22,8.23,2,2,1,6.37,72.5,43.27,Medium
568,Weekday,7.8,7.11,6,2,1,7.11,75.8,68.09,Medium
851,Weekday,7.02,5.97,2,7,0,8.28,98.7,17.14,Low
722,Weekday,7.43,4.17,1,6,0,7.0,98.3,39.18,Low
392,Weekday,8.86,7.67,3,4,0,7.82,75.4,44.2,Medium
740,Weekday,7.87,5.58,0,5,0,7.86,92.8,18.35,Low
177,Weekday,10.45,12.4,10,0,1,6.5,56.8,79.13,High
574,Weekday,9.48,7.21,2,4,0,6.57,77.1,59.59,Medium
49,Weekday,9.25,11.22,7,1,1,3.78,57.4,73.47,High
270,Weekday,9.55,13.88,9,0,1,4.02,76.2,89.1,High
514,Weekday,8.9,7.34,3,2,0,7.52,70.2,51.81,Medium
817,Weekday,6.66,7.06,2,5,0,8.42,87.3,13.04,Low
356,Weekday,7.95,9.38,2,2,1,5.63,79.3,47.05,Medium
443,Weekday,8.54,9.7,6,2,0,6.45,88.2,61.2,Medium
824,Weekday,7.57,5.36,2,6,0,8.17,91.6,35.04,Low
333,Weekday,7.24,7.38,5,3,0,8.0,77.4,44.34,Medium
808,Weekday,7.16,4.71,3,7,0,8.01,97.1,32.39,Low
151,Weekday,11.5,13.01,9,0,1,6.5,61.9,83.79,High
449,Weekday,8.6,7.35,3,4,0,7.3,78.6,65.27,Medium
367,Weekday,8.95,7.04,4,4,1,5.78,83.0,44.55,Medium
298,Weekday,11.36,11.93,6,2,1,5.82,60.5,71.82,High
339,Weekday,7.4,7.47,6,3,1,7.23,83.0,62.43,Medium
129,Weekday,10.12,10.41,5,1,1,5.08,57.7,72.46,High
839,Weekday,6.78,6.56,3,6,0,8.55,93.9,20.55,Low
179,Weekday,9.84,12.39,8,0,1,6.48,78.3,75.69,High
15,Weekday,11.57,13.87,9,1,1,4.76,53.3,73.82,High
853,Weekday,7.9,6.08,3,6,0,8.24,89.5,11.89,Low
777,Weekday,7.22,4.52,2,6,0,9.48,89.9,10.49,Low
888,Weekday,7.8,7.15,2,5,0,9.7,91.2,24.78,Low
19,Weekday,9.83,13.72,10,0,1,5.44,66.0,91.81,High
840,Weekday,7.0,6.86,1,7,0,8.44,95.2,11.29,Low
693,Weekday,7.64,7.23,0,6,0,8.4,98.6,15.51,Low
533,Weekday,8.99,9.23,3,4,1,6.44,89.6,58.08,Medium
733,Weekday,7.11,4.54,1,5,0,9.14,95.3,18.45,Low
317,Weekday,7.03,9.54,4,2,1,8.0,84.3,54.76,Medium
614,Weekday,7.6,5.71,0,5,0,8.27,88.0,19.06,Low
584,Weekday,8.51,7.24,4,3,0,6.24,84.8,60.63,Medium
583,Weekday,8.49,7.63,3,4,1,6.35,88.0,43.52,Medium
859,Weekday,7.18,6.39,3,7,0,9.71,92.8,16.37,Low
84,Weekday,11.66,11.88,6,1,1,5.0,50.5,95.18,High
640,Weekday,7.9,4.18,2,6,0,8.08,92.4,23.75,Low
804,Weekday,7.59,4.05,2,4,0,8.09,98.5,36.33,Low
28,Weekday,9.52,13.82,5,0,1,3.97,66.5,92.55,High
669,Weekday,6.36,5.0,0,5,0,7.0,96.7,16.63,Low
33,Weekday,9.06,11.28,9,1,1,5.24,76.2,87.84,High
780,Weekday,6.64,7.38,2,5,0,9.26,91.0,12.67,Low
157,Weekday,11.03,12.49,10,0,1,5.31,57.0,83.09,High
71,Weekday,9.13,10.7,9,0,1,4.77,50.4,85.83,High
141,Weekday,10.13,12.7,5,1,1,3.81,71.1,76.32,High
580,Weekday,7.25,8.77,2,5,1,6.28,86.2,50.74,Medium
791,Weekday,7.8,4.06,3,6,0,9.44,91.7,36.23,Low
874,Weekday,6.23,5.62,3,7,0,8.46,96.3,36.21,Low
192,Weekday,11.71,12.37,8,0,1,5.3,69.9,75.8,High
235,Weekday,9.72,12.47,5,0,1,5.4,60.9,77.22,High
234,Weekday,10.96,12.97,8,0,1,3.96,78.4,92.58,High
825,Weekday,7.28,6.41,3,4,0,9.08,97.3,14.94,Low
206,Weekday,9.28,10.35,9,0,1,4.9,75.2,81.96,High
745,Weekday,6.9,7.22,1,4,0,8.45,86.6,22.85,Low
3,Weekday,10.36,12.58,8,1,1,5.33,71.1,97.0,High
495,Weekday,7.68,9.47,5,3,0,6.94,86.9,52.26,Medium
466,Weekday,9.4,7.88,6,5,0,8.0,84.4,40.71,Medium
139,Weekday,9.45,11.86,8,1,1,3.69,59.9,83.64,High
694,Weekday,7.67,4.61,3,7,0,8.29,99.5,12.1,Low
266,Weekday,11.33,11.49,6,0,1,3.57,65.9,88.41,High
102,Weekday,11.86,13.25,9,1,1,5.17,63.4,87.57,High
188,Weekday,10.77,12.59,5,1,1,5.32,79.9,99.39,High
68,Weekday,10.09,11.08,8,1,1,5.3,60.9,74.6,High
159,Weekday,10.2,13.44,9,0,1,4.74,65.8,81.25,High
386,Weekday,8.09,7.64,2,4,0,5.5,80.1,58.7,Medium
433,Weekday,8.33,9.34,4,1,0,7.38,76.3,41.98,Medium
736,Weekday,6.05,7.91,3,5,0,7.0,95.8,38.93,Low
592,Weekday,8.03,7.04,6,3,0,7.81,70.7,56.67,Medium
543,Weekday,9.06,7.1,5,3,1,8.0,82.9,44.76,Medium
380,Weekday,9.18,7.45,5,4,1,5.5,79.1,41.63,Medium
867,Weekday,6.25,4.05,3,5,0,8.81,98.0,29.53,Low
832,Weekday,6.98,7.29,0,6,0,8.31,90.2,11.79,Low
80,Weekday,9.84,12.77,6,2,1,5.62,57.6,90.43,High
255,Weekday,10.94,10.51,6,0,1,5.98,60.8,79.67,High
604,Weekday,7.84,4.48,0,8,0,7.57,96.3,12.24,Low
338,Weekday,8.55,8.88,5,2,0,6.11,78.4,51.91,Medium
865,Weekday,7.72,5.11,1,5,0,7.0,85.8,37.01,Low
7,Weekday,10.95,10.36,10,0,1,5.22,60.3,89.95,High
678,Weekday,6.56,6.47,3,7,0,8.81,93.8,13.78,Low
274,Weekday,9.83,10.02,8,1,1,5.89,60.7,74.11,High
26,Weekday,9.3,13.02,5,1,1,4.8,79.5,87.32,High
864,Weekday,6.5,4.7,1,8,0,7.13,93.5,36.88,Low
665,Weekday,7.51,6.27,2,5,0,8.08,86.9,23.26,Low
346,Weekday,7.46,7.04,5,4,1,5.88,84.1,47.48,Medium
426,Weekday,8.35,8.46,5,4,0,8.0,81.7,56.01,Medium
420,Weekday,8.17,8.6,6,3,0,5.85,84.9,48.86,Medium
287,Weekday,10.84,10.99,9,1,1,4.65,69.9,79.76,High
490,Weekday,7.12,7.91,5,4,0,6.43,87.7,69.3,Medium
454,Weekday,8.86,8.65,3,2,1,5.84,77.1,46.4,Medium
334,Weekday,7.44,8.43,5,3,1,6.6,75.5,48.14,Medium
883,Weekday,6.75,5.73,0,5,0,8.49,87.7,30.05,Low
755,Weekday,6.38,5.66,2,8,0,8.31,95.1,15.54,Low
428,Weekday,7.52,8.04,5,2,1,6.71,73.4,54.57,Medium
83,Weekday,11.84,12.14,8,1,1,3.5,63.8,98.94,High
140,Weekday,9.89,12.56,7,1,1,5.24,58.9,76.48,High
644,Weekday,6.24,4.02,0,6,0,8.32,98.5,30.2,Low
863,Weekday,6.38,5.98,1,6,0,8.29,97.0,36.66,Low
483,Weekday,8.43,7.21,6,3,1,7.15,82.8,50.43,Medium
324,Weekday,8.08,9.68,2,2,1,7.61,71.8,46.3,Medium
211,Weekday,11.81,12.43,7,1,1,4.35,71.0,75.95,High
312,Weekday,7.08,8.55,5,2,1,6.92,83.2,47.48,Medium
513,Weekday,7.43,8.72,3,3,0,6.45,72.9,44.92,Medium
652,Weekday,7.08,7.94,2,6,0,8.72,91.6,31.23,Low
689,Weekday,7.06,7.21,3,5,0,8.12,99.7,33.26,Low
262,Weekday,9.05,13.68,7,2,1,5.81,53.3,93.89,High
650,Weekday,7.49,5.7,0,6,0,8.19,97.8,11.46,Low
114,Weekday,10.21,13.43,5,1,1,4.68,51.1,77.06,High
48,Weekday,11.34,12.82,5,1,1,5.24,65.5,89.73,High
760,Weekday,6.53,4.51,0,5,0,8.63,99.5,25.03,Low
486,Weekday,8.21,8.79,6,3,0,6.25,82.3,51.44,Medium
244,Weekday,11.68,13.03,10,1,1,5.31,55.9,72.25,High
613,Weekday,7.88,6.97,1,5,0,8.54,94.6,29.5,Low
469,Weekday,7.57,8.2,2,4,0,6.04,83.9,47.79,Medium
189,Weekday,9.86,13.18,6,0,1,6.5,75.3,73.73,High
753,Weekday,7.72,4.69,0,4,0,8.57,85.8,20.71,Low
358,Weekday,9.48,8.24,6,2,0,6.87,74.7,44.04,Medium
622,Weekday,7.41,7.48,0,7,0,7.09,100.0,37.83,Low
430,Weekday,7.91,9.37,4,2,0,5.85,85.5,54.06,Medium
739,Weekday,6.76,5.0,1,7,0,8.61,95.1,30.64,Low
229,Weekday,11.52,13.27,7,1,1,5.25,75.6,76.84,High
677,Weekday,6.87,6.36,3,5,0,8.89,88.2,23.78,Low
163,Weekday,9.53,10.3,6,1,1,4.66,70.4,90.27,High
555,Weekday,8.3,8.32,6,4,1,7.2,71.7,49.02,Medium
697,Weekday,7.78,6.0,0,7,0,7.61,95.3,34.5,Low
828,Weekday,6.14,6.68,3,7,0,8.58,97.3,36.02,Low
107,Weekday,11.52,12.5,10,0,1,3.56,79.3,71.18,High
209,Weekday,10.31,13.66,10,0,1,4.27,68.7,92.09,High
291,Weekday,10.89,12.66,10,2,1,4.58,73.6,87.83,High
548,Weekday,9.03,7.67,2,3,1,8.0,83.8,48.35,Medium
589,Weekday,7.51,8.02,4,4,1,7.08,80.3,46.84,Medium
530,Weekday,7.86,8.62,4,2,1,6.6,87.4,48.29,Medium
826,Weekday,7.12,7.74,1,5,0,8.22,87.0,29.1,Low
117,Weekday,11.46,11.63,8,1,1,3.91,70.5,84.08,High
410,Weekday,8.88,8.93,6,2,0,6.52,81.5,62.21,Medium
672,Weekday,7.72,4.05,2,4,0,7.97,91.7,23.94,Low
643,Weekday,7.63,7.66,0,6,0,7.01,92.5,36.18,Low
253,Weekday,11.63,12.66,6,0,1,4.56,52.2,77.39,High
315,Weekday,8.85,7.87,3,2,1,5.5,81.6,63.38,Medium
273,Weekday,9.53,12.59,7,0,1,3.78,59.3,83.09,High
360,Weekday,8.32,8.94,2,5,0,6.63,88.7,47.95,Medium
18,Weekday,9.23,10.01,6,2,1,6.16,65.4,94.32,High
518,Weekday,9.0,9.01,2,1,0,7.39,79.5,42.2,Medium
169,Weekday,9.34,13.26,8,0,1,4.43,52.8,95.1,High
472,Weekday,7.16,8.18,5,5,0,5.67,86.9,60.46,Medium
785,Weekday,6.32,4.98,0,5,0,7.14,97.8,34.14,Low
208,Weekday,9.34,11.22,10,1,1,6.03,72.6,77.8,High
46,Weekday,10.14,13.62,9,0,1,3.5,53.2,90.21,High
782,Weekday,6.85,4.55,3,7,0,8.78,91.7,12.66,Low
318,Weekday,7.8,7.73,5,3,1,7.44,79.4,59.51,Medium
721,Weekday,7.47,4.78,1,3,0,8.05,95.4,21.9,Low
147,Weekday,9.35,12.13,9,1,1,4.39,71.9,99.17,High
837,Weekday,6.44,4.78,2,4,0,8.07,97.0,10.23,Low
637,Weekday,6.09,5.46,0,6,0,8.26,94.3,31.04,Low
572,Weekday,8.61,9.91,5,3,0,6.72,84.3,60.41,Medium
406,Weekday,8.57,9.59,4,2,1,6.58,76.5,69.59,Medium
385,Weekday,8.6,9.31,6,3,1,6.7,83.6,69.72,Medium
401,Weekday,8.97,8.26,2,3,0,6.27,85.4,53.93,Medium
819,Weekday,6.1,4.72,1,7,0,7.93,89.5,23.0,Low
594,Weekday,8.54,9.17,5,1,1,6.14,88.6,49.48,Medium
94,Weekday,10.21,11.14,10,1,1,6.5,56.0,84.57,High
136,Weekday,11.15,12.08,5,0,1,3.54,62.0,93.18,High
411,Weekday,8.06,7.85,3,1,0,7.23,74.8,43.23,Medium
484,Weekday,8.82,8.93,5,2,0,5.5,75.3,67.18,Medium
765,Weekday,6.59,6.4,1,5,0,8.58,88.2,22.44,Low
608,Weekday,6.47,7.59,3,5,0,8.72,94.8,15.96,Low
664,Weekday,6.05,7.85,0,4,0,9.61,86.5,15.8,Low
464,Weekday,7.29,7.65,5,4,1,7.02,70.8,69.3,Medium
887,Weekday,6.63,6.62,2,6,0,8.38,86.8,35.34,Low
283,Weekday,10.5,11.44,6,0,1,5.48,67.7,74.68,High
119,Weekday,11.49,12.2,10,0,1,3.5,54.1,76.74,High
137,Weekday,10.53,12.83,8,1,1,4.71,66.5,78.63,High
216,Weekday,9.75,13.11,8,2,1,4.59,50.7,71.04,High
582,Weekday,7.37,7.69,6,3,0,6.31,77.8,50.84,Medium
91,Weekday,10.32,13.8,9,1,1,5.34,79.1,89.32,High
12,Weekday,10.03,13.28,10,1,1,5.42,76.7,90.36,High
269,Weekday,10.25,13.13,8,0,1,4.86,55.2,78.28,High
224,Weekday,10.91,12.44,9,2,1,6.14,67.5,92.17,High
881,Weekday,6.5,6.21,2,5,0,7.9,92.6,11.01,Low
797,Weekday,7.26,6.32,3,5,0,8.6,99.5,27.15,Low
695,Weekday,7.39,5.32,3,5,0,7.0,95.0,36.93,Low
173,Weekday,11.69,10.77,8,0,1,4.69,68.6,83.71,High
219,Weekday,11.92,12.16,7,0,1,3.5,55.6,86.29,High
20,Weekday,9.77,13.85,6,0,1,6.22,75.0,81.25,High
359,Weekday,7.2,9.8,6,4,1,6.54,86.6,64.89,Medium
131,Weekday,10.6,11.88,10,1,1,3.87,57.6,75.48,High
807,Weekday,7.09,7.52,1,5,0,7.37,85.6,21.61,Low
763,Weekday,6.44,4.13,2,7,0,8.27,96.1,18.31,Low
288,Weekday,9.65,10.19,7,1,1,5.41,55.3,79.55,High
787,Weekday,7.99,4.27,1,6,0,8.77,93.2,14.1,Low
414,Weekday,7.52,9.11,6,1,0,6.31,73.7,54.13,Medium
185,Weekday,11.56,13.36,8,0,1,4.85,62.2,71.34,High
748,Weekday,6.17,6.28,0,7,0,8.19,95.8,34.18,Low
781,Weekday,7.74,5.8,0,5,0,7.36,96.2,14.99,Low
135,Weekday,9.48,12.13,8,0,1,3.95,65.4,75.97,High
39,Weekday,10.82,11.19,7,1,1,4.6,70.8,79.21,High
90,Weekday,9.72,10.47,8,1,1,4.92,72.5,88.04,High
254,Weekday,10.72,10.49,5,1,1,5.89,64.7,95.36,High
847,Weekday,6.42,6.64,0,5,0,8.72,92.2,10.89,Low
342,Weekday,9.41,9.86,2,4,0,6.8,76.2,50.08,Medium
98,Weekday,10.4,10.15,7,2,1,4.67,78.9,88.73,High
553,Weekday,7.86,7.76,4,4,0,5.93,71.1,67.47,Medium
841,Weekday,6.51,5.87,0,4,0,9.2,98.8,21.28,Low
370,Weekday,9.07,8.32,2,1,1,7.05,88.1,45.59,Medium
158,Weekday,10.7,11.5,9,0,1,5.22,57.2,94.56,High
221,Weekday,11.0,12.39,6,1,1,5.06,78.6,85.04,High
507,Weekday,8.91,8.41,4,4,1,5.5,78.8,46.1,Medium
439,Weekday,9.43,9.78,6,2,0,6.98,81.8,40.7,Medium
814,Weekday,7.66,7.28,0,5,0,7.51,87.3,19.59,Low
723,Weekday,7.58,5.5,1,4,0,8.19,90.8,34.2,Low
144,Weekday,10.94,11.89,9,0,1,4.74,64.9,74.64,High
348,Weekday,7.39,9.97,4,4,1,5.87,75.9,44.42,Medium
539,Weekday,9.41,9.02,6,4,0,6.82,70.7,51.69,Medium
713,Weekday,6.48,5.31,2,6,0,8.63,86.6,27.74,Low
463,Weekday,8.66,8.56,6,3,0,7.35,75.5,63.72,Medium
517,Weekday,9.41,7.71,6,4,1,7.79,79.7,61.33,Medium
702,Weekday,7.14,7.68,3,6,0,8.5,99.7,26.93,Low
844,Weekday,7.02,6.41,1,4,0,7.37,87.8,24.1,Low
281,Weekday,11.67,13.73,10,0,1,4.1,56.6,81.4,High
668,Weekday,7.05,6.18,3,4,0,8.46,95.7,31.8,Low
698,Weekday,7.51,5.29,3,7,0,7.61,94.3,14.04,Low
770,Weekday,6.53,6.0,0,3,0,8.79,88.2,23.64,Low
53,Weekday,11.65,10.22,9,0,1,4.13,71.9,88.54,High
250,Weekday,11.09,10.11,8,1,1,5.91,77.9,88.75,High
747,Weekday,7.96,4.58,0,6,0,7.55,89.2,19.2,Low
175,Weekday,11.97,10.63,6,0,1,4.79,68.3,89.28,High
444,Weekday,8.98,7.65,6,2,0,6.28,86.3,43.05,Medium
502,Weekday,8.74,9.11,5,3,1,5.5,71.8,60.3,Medium
263,Weekday,9.95,12.32,8,1,1,5.7,50.5,71.78,High
550,Weekday,9.23,7.13,6,1,1,7.5,72.3,56.63,Medium
527,Weekday,8.95,9.83,5,1,0,6.56,71.8,58.8,Medium
895,Weekday,6.99,7.28,3,5,0,7.07,96.9,38.81,Low
786,Weekday,6.58,6.0,1,5,0,8.36,94.1,17.32,Low
860,Weekday,7.92,4.62,2,6,0,8.48,95.0,20.31,Low
705,Weekday,6.28,6.16,2,7,0,8.32,86.7,35.34,Low
305,Weekday,8.19,7.96,4,3,0,5.73,78.1,56.91,Medium
14,Weekday,10.58,12.66,10,1,1,3.86,69.7,79.61,High
735,Weekday,7.56,7.02,2,7,0,8.46,86.3,29.75,Low
491,Weekday,8.53,9.97,3,5,0,5.8,76.2,47.6,Medium
635,Weekday,6.5,6.27,0,3,0,8.13,89.5,14.11,Low
660,Weekday,6.31,4.02,0,8,0,9.92,93.7,14.14,Low
822,Weekday,6.37,5.89,3,6,0,8.24,96.3,13.23,Low
690,Weekday,7.39,6.58,0,5,0,9.17,98.7,31.09,Low
870,Weekday,6.42,7.13,2,4,0,8.01,99.4,28.86,Low
293,Weekday,10.65,12.12,8,1,1,5.72,66.6,85.28,High
570,Weekday,7.91,7.42,2,4,0,7.23,86.8,51.39,Medium
762,Weekday,7.36,7.91,1,5,0,8.95,91.8,34.67,Low
61,Weekday,11.46,11.11,10,0,1,5.0,64.1,76.85,High
801,Weekday,7.1,7.87,3,8,0,9.15,93.2,39.06,Low
591,Weekday,8.62,7.47,2,3,0,6.78,80.9,43.5,Medium
482,Weekday,8.85,9.73,4,3,1,7.46,70.7,48.8,Medium
876,Weekday,7.94,4.55,2,5,0,8.57,95.3,16.6,Low
368,Weekday,7.33,8.22,4,3,0,7.02,78.7,51.85,Medium
692,Weekday,7.79,5.53,2,5,0,7.74,89.9,18.73,Low
397,Weekday,8.76,8.41,6,3,1,7.4,72.5,44.78,Medium
525,Weekday,9.14,9.18,2,4,0,7.53,75.1,57.34,Medium
894,Weekday,7.26,7.99,1,7,0,7.23,93.8,29.64,Low
289,Weekday,10.98,12.19,8,1,1,4.85,78.3,76.23,High
399,Weekday,8.11,7.18,5,4,1,6.23,74.3,57.19,Medium
892,Weekday,7.66,4.45,1,3,0,7.64,92.3,36.48,Low
295,Weekday,9.62,10.48,9,1,1,4.8,73.4,85.75,High
204,Weekday,9.49,11.72,8,1,1,3.96,58.8,95.84,High
714,Weekday,6.76,7.51,0,5,0,9.07,93.8,16.65,Low
390,Weekday,8.91,8.15,6,3,0,7.2,70.8,60.19,Medium
70,Weekday,11.1,10.08,9,0,1,6.5,74.9,74.23,High
566,Weekday,8.83,9.06,2,3,1,5.5,80.3,40.63,Medium
275,Weekday,10.35,11.59,7,0,1,6.23,71.0,94.55,High
476,Weekday,9.22,8.09,2,2,1,7.74,75.2,44.26,Medium
104,Weekday,9.29,12.78,7,0,1,6.5,76.9,95.8,High
494,Weekday,9.37,8.12,5,4,1,6.07,78.9,62.71,Medium
165,Weekday,9.74,12.56,8,0,1,4.79,69.5,76.92,High
51,Weekday,10.5,11.1,8,0,1,4.16,70.7,75.29,High
833,Weekday,6.78,5.21,1,5,0,7.86,94.9,14.46,Low
670,Weekday,7.35,4.89,0,5,0,8.54,87.6,16.95,Low
648,Weekday,7.3,7.79,1,4,0,8.1,87.6,25.08,Low
303,Weekday,8.96,7.51,2,3,1,8.0,77.7,51.79,Medium
470,Weekday,9.49,9.98,4,3,0,7.82,86.3,41.9,Medium
156,Weekday,11.67,10.6,8,0,1,4.86,61.4,97.65,High
503,Weekday,7.34,9.76,4,1,1,7.11,79.8,57.99,Medium
181,Weekday,11.46,13.52,6,0,1,3.78,61.0,83.39,High
171,Weekday,11.84,11.75,7,0,1,4.31,69.2,93.05,High
768,Weekday,6.26,5.85,2,6,0,8.71,87.0,27.12,Low
282,Weekday,11.31,11.15,9,1,1,3.92,77.0,75.36,High
761,Weekday,7.86,7.57,1,6,0,8.84,85.3,18.58,Low
412,Weekday,8.88,7.97,2,4,1,6.55,76.1,45.62,Medium
783,Weekday,6.19,4.82,1,7,0,8.62,87.0,12.66,Low
337,Weekday,8.39,9.79,2,2,0,8.0,72.9,50.65,Medium
155,Weekday,11.31,13.53,6,0,1,3.95,63.3,87.47,High
728,Weekday,7.85,5.56,3,6,0,9.32,96.1,22.08,Low
223,Weekday,9.99,13.55,6,1,1,5.36,71.9,88.15,High
687,Weekday,7.52,7.82,3,8,0,7.58,92.4,28.74,Low
230,Weekday,11.14,12.75,8,0,1,5.42,50.5,78.45,High
627,Weekday,7.46,4.61,0,7,0,8.4,95.6,23.73,Low
112,Weekday,9.76,10.49,8,0,1,4.72,69.0,76.44,High
261,Weekday,9.78,12.01,9,0,1,4.72,68.2,98.79,High
217,Weekday,9.51,12.05,5,0,1,3.65,55.2,76.32,High
78,Weekday,10.12,13.4,9,0,1,4.59,71.2,74.12,High
751,Weekday,7.48,4.88,1,5,0,8.31,99.3,20.68,Low
17,Weekday,10.56,10.09,9,0,1,3.67,59.5,88.18,High
506,Weekday,8.87,7.9,3,3,1,5.72,75.4,48.6,Medium
355,Weekday,8.45,9.37,4,3,0,7.42,78.6,56.78,Medium
696,Weekday,6.08,4.84,0,5,0,8.75,92.0,28.61,Low
349,Weekday,8.24,9.31,4,4,0,6.39,85.9,49.27,Medium
818,Weekday,7.49,7.83,0,6,0,8.75,86.5,13.38,Low
590,Weekday,7.61,8.75,4,3,1,6.47,74.3,53.91,Medium
357,Weekday,8.67,8.38,2,3,1,7.98,74.1,56.11,Medium
898,Weekday,6.05,4.65,3,7,0,7.51,89.0,12.33,Low
510,Weekday,7.14,8.39,3,4,1,6.11,88.7,62.29,Medium
651,Weekday,7.09,6.95,2,5,0,9.35,90.3,16.22,Low
145,Weekday,10.23,13.09,6,1,1,4.84,59.3,80.09,High
421,Weekday,7.34,7.82,3,4,0,7.5,78.5,57.01,Medium
487,Weekday,9.17,8.14,4,3,1,6.89,71.4,44.96,Medium
447,Weekday,7.66,8.5,3,3,0,6.52,71.1,42.51,Medium
812,Weekday,6.37,6.66,1,4,0,8.09,97.4,12.43,Low
446,Weekday,7.05,9.37,4,3,1,6.24,89.2,64.14,Medium
162,Weekday,11.81,11.14,6,1,1,5.13,62.7,81.83,High
252,Weekday,10.91,12.55,5,1,1,4.96,52.0,70.58,High
34,Weekday,11.26,13.77,7,1,1,4.31,50.9,74.2,High
633,Weekday,7.51,7.29,1,4,0,8.24,94.5,19.63,Low
602,Weekday,7.71,7.94,0,6,0,8.34,95.5,12.43,Low
601,Weekday,6.13,6.93,1,5,0,8.04,100.0,17.99,Low
878,Weekday,7.21,4.12,0,5,0,9.01,90.6,30.71,Low
562,Weekday,7.89,9.81,4,3,0,6.7,78.9,51.84,Medium
458,Weekday,7.8,8.51,4,3,0,7.28,73.5,41.04,Medium
425,Weekday,7.84,8.55,6,3,0,5.6,84.5,64.48,Medium
634,Weekday,7.77,5.07,3,5,0,7.46,98.7,10.26,Low
726,Weekday,6.79,5.61,0,4,0,9.1,89.9,32.11,Low
277,Weekday,11.28,10.23,10,2,1,4.12,76.9,95.5,High
302,Weekday,7.53,7.58,4,5,0,7.08,75.3,61.35,Medium
23,Weekday,10.54,13.69,9,2,1,4.52,58.0,72.01,High
191,Weekday,10.34,10.06,9,0,1,4.65,69.6,73.98,High
197,Weekday,11.92,13.46,6,1,1,4.4,52.8,79.74,High
838,Weekday,6.61,6.39,2,6,0,7.81,87.1,11.12,Low
896,Weekday,7.08,7.54,3,6,0,8.14,91.2,39.61,Low
125,Weekday,10.95,12.69,7,1,1,5.1,63.4,74.6,High
199,Weekday,10.55,13.29,6,0,1,5.29,52.8,70.15,High
671,Weekday,7.4,4.04,3,6,0,8.88,85.7,26.19,Low
600,Weekday,7.63,6.09,0,7,0,8.97,92.2,28.03,Low
616,Weekday,6.22,4.77,0,5,0,7.53,90.7,13.17,Low
850,Weekday,6.8,5.78,0,6,0,8.09,88.9,12.02,Low
256,Weekday,11.88,10.23,6,0,1,5.24,68.7,80.45,High
278,Weekday,10.17,13.08,7,0,1,5.31,74.4,95.08,High
545,Weekday,8.61,8.91,6,3,0,7.28,86.9,69.39,Medium
810,Weekday,7.48,6.49,0,6,0,7.0,94.2,12.29,Low
532,Weekday,7.89,8.38,6,4,1,6.23,73.0,52.18,Medium
599,Weekday,7.62,9.06,5,5,0,5.5,76.4,63.0,Medium
631,Weekday,7.1,7.35,1,5,0,8.53,96.8,24.21,Low
11,Weekday,9.91,12.91,6,1,1,4.85,53.5,98.27,High
501,Weekday,7.13,9.0,2,3,1,6.14,74.5,67.05,Medium
499,Weekday,7.53,9.37,2,2,1,7.57,83.1,52.89,Medium
442,Weekday,8.04,9.56,6,2,0,6.17,70.1,69.33,Medium
190,Weekday,10.59,10.53,10,0,1,4.57,72.2,78.05,High
707,Weekday,6.02,7.55,3,4,0,8.72,87.8,31.22,Low
683,Weekday,6.8,4.69,0,6,0,8.36,96.1,37.71,Low
200,Weekday,10.3,12.17,8,1,1,4.3,71.9,91.34,High
578,Weekday,8.71,7.07,6,5,0,8.0,88.8,43.24,Medium
869,Weekday,7.9,4.77,1,6,0,7.45,94.9,11.43,Low
238,Weekday,9.8,13.6,5,1,1,5.03,60.3,86.67,High
432,Weekday,7.84,8.0,2,3,1,6.93,82.5,56.96,Medium
76,Weekday,10.32,12.52,8,1,1,4.74,72.9,83.37,High
855,Weekday,6.02,5.57,1,5,0,9.56,99.6,21.41,Low
198,Weekday,10.85,10.38,9,0,1,4.34,76.3,71.94,High
246,Weekday,10.59,13.9,9,0,1,6.12,64.1,93.79,High
436,Weekday,7.22,7.62,2,3,1,6.65,87.0,54.28,Medium
153,Weekday,9.24,12.71,9,0,1,5.82,54.3,85.78,High
803,Weekday,6.12,5.89,3,6,0,7.82,95.4,19.83,Low
326,Weekday,8.72,8.78,6,3,1,7.08,80.4,61.0,Medium
321,Weekday,7.82,9.19,5,1,1,8.0,88.0,53.73,Medium
259,Weekday,10.32,12.42,7,0,1,5.81,55.2,100.0,High
598,Weekday,8.06,8.06,4,4,0,6.66,82.3,40.83,Medium
415,Weekday,7.49,9.3,3,3,0,6.94,75.9,42.21,Medium
108,Weekday,11.31,12.85,6,1,1,6.11,69.6,98.9,High
799,Weekday,7.21,4.72,1,6,0,7.62,98.1,36.45,Low
418,Weekday,7.55,8.84,5,3,0,6.42,72.7,65.93,Medium
610,Weekday,6.94,4.66,3,6,0,8.56,96.0,36.59,Low
715,Weekday,7.1,6.58,2,7,0,9.26,97.4,16.14,Low
467,Weekday,8.56,9.86,5,2,1,6.35,72.6,46.68,Medium
437,Weekday,8.59,8.49,3,4,1,6.27,74.9,46.92,Medium
811,Weekday,7.53,6.71,2,6,0,9.68,90.5,35.78,Low
73,Weekday,9.55,10.74,5,0,1,5.05,78.2,95.91,High
475,Weekday,9.31,7.75,3,2,0,7.37,85.8,68.82,Medium
541,Weekday,8.96,7.56,3,3,0,5.61,83.2,41.89,Medium
332,Weekday,7.23,8.33,2,2,0,6.97,89.3,49.66,Medium
630,Weekday,6.34,6.86,1,7,0,9.23,86.7,19.67,Low
24,Weekday,9.21,11.75,8,1,1,5.55,65.2,99.35,High
43,Weekday,10.06,12.35,5,0,1,4.56,51.9,72.03,High
741,Weekday,6.87,5.16,3,6,0,8.64,86.9,26.43,Low
320,Weekday,7.79,9.1,2,2,0,6.29,72.1,57.95,Medium
146,Weekday,9.61,13.61,10,2,1,5.01,69.5,85.76,High
116,Weekday,10.45,10.42,10,1,1,3.5,66.0,91.94,High
4,Weekday,10.02,11.11,8,1,1,5.17,79.6,96.06,High
666,Weekday,6.1,6.92,0,7,0,8.44,89.7,24.23,Low
620,Weekday,7.28,6.59,0,3,0,8.71,92.9,15.97,Low
868,Weekday,7.71,5.35,0,4,0,7.97,97.8,16.27,Low
373,Weekday,8.74,8.73,6,5,0,5.84,73.9,53.85,Medium
794,Weekday,6.59,5.63,3,4,0,7.02,91.8,16.98,Low
641,Weekday,7.09,6.58,2,5,0,7.18,87.0,28.79,Low
462,Weekday,7.06,8.48,2,3,1,7.03,77.6,63.11,Medium
249,Weekday,11.19,13.81,9,1,1,6.5,75.9,70.56,High
615,Weekday,7.51,7.79,3,5,0,8.67,86.8,15.09,Low
6,Weekday,11.29,10.61,8,1,1,5.16,79.7,74.26,High
537,Weekday,7.2,7.13,5,3,1,5.64,73.7,58.8,Medium
879,Weekday,7.42,5.35,1,8,0,8.1,96.7,29.48,Low
720,Weekday,6.48,7.34,1,6,0,9.09,90.7,25.54,Low
186,Weekday,9.11,10.17,9,0,1,5.1,52.0,88.9,High
813,Weekday,7.42,4.74,1,6,0,8.37,86.5,28.93,Low
93,Weekday,10.35,10.36,7,1,1,4.91,50.0,90.11,High
168,Weekday,9.2,13.24,6,0,1,4.43,76.4,92.06,High
374,Weekday,8.37,7.08,3,3,1,7.75,78.3,61.79,Medium
128,Weekday,11.35,10.19,10,0,1,4.98,77.2,92.96,High
63,Weekday,11.24,12.81,8,0,1,4.6,54.1,70.5,High
308,Weekday,8.38,9.71,3,3,0,6.08,87.2,49.68,Medium
703,Weekday,6.24,5.76,0,6,0,8.04,86.0,11.76,Low
893,Weekday,7.35,4.25,0,6,0,9.36,87.6,23.55,Low
286,Weekday,9.13,11.49,6,0,1,5.95,77.9,95.8,High
427,Weekday,9.1,9.17,2,5,1,6.53,74.6,44.74,Medium
52,Weekday,9.66,13.51,7,0,1,5.03,61.1,92.72,High
30,Weekday,11.64,13.82,5,1,1,4.51,71.2,85.78,High
86,Weekday,10.25,13.81,7,0,1,5.49,62.5,82.85,High
766,Weekday,6.31,5.44,1,4,0,7.0,96.0,14.18,Low
750,Weekday,7.73,7.31,1,5,0,7.87,87.6,20.23,Low
296,Weekday,9.02,10.01,6,0,1,4.73,56.7,72.27,High
551,Weekday,9.3,9.79,6,3,1,7.37,79.5,41.71,Medium
225,Weekday,9.2,12.36,8,0,1,4.17,55.9,90.45,High
241,Weekday,11.76,13.64,8,1,1,5.22,59.0,91.74,High
607,Weekday,6.23,7.4,2,3,0,8.29,98.9,18.1,Low
328,Weekday,8.62,8.97,3,3,1,5.98,78.8,61.47,Medium
21,Weekday,10.41,11.49,10,1,1,5.35,66.8,72.26,High
802,Weekday,7.16,7.67,1,5,0,7.84,98.8,38.04,Low
207,Weekday,9.25,11.28,9,0,1,5.61,51.5,87.9,High
201,Weekday,10.85,13.94,5,0,1,5.38,76.1,83.71,High
115,Weekday,9.93,10.41,8,2,1,4.26,74.8,73.51,High
792,Weekday,6.99,5.34,1,5,0,7.68,91.3,23.61,Low
459,Weekday,9.42,7.37,4,2,1,7.16,78.3,49.38,Medium
571,Weekday,8.47,7.35,6,4,0,7.99,71.5,65.52,Medium
413,Weekday,8.17,7.9,2,4,0,7.83,87.0,61.63,Medium
821,Weekday,7.68,6.8,2,8,0,7.13,85.3,16.54,Low
88,Weekday,9.62,10.81,9,0,1,4.86,78.7,84.18,High
292,Weekday,11.77,13.11,6,1,1,5.14,60.9,70.93,High
16,Weekday,11.49,11.14,10,1,1,4.34,55.6,96.8,High
699,Weekday,6.85,6.49,0,3,0,8.41,96.6,10.95,Low
842,Weekday,6.29,6.01,2,8,0,7.88,97.3,25.24,Low
789,Weekday,6.55,6.38,0,4,0,8.34,94.2,22.33,Low
152,Weekday,9.07,11.12,9,0,1,5.22,78.7,91.93,High
37,Weekday,11.81,10.36,7,0,1,5.58,60.4,99.5,High
379,Weekday,7.57,9.23,6,1,0,8.0,70.7,47.24,Medium
481,Weekday,8.93,9.58,4,4,1,6.84,70.1,53.69,Medium
815,Weekday,7.2,4.25,0,5,0,8.18,89.2,38.69,Low
509,Weekday,7.97,9.24,6,3,0,6.55,79.9,58.42,Medium
686,Weekday,7.8,4.62,3,7,0,8.33,93.8,29.87,Low
79,Weekday,10.58,11.39,10,0,1,5.23,58.8,80.22,High
65,Weekday,9.96,11.57,7,0,1,4.32,67.0,76.81,High
267,Weekday,10.22,12.19,5,0,1,5.82,76.3,97.19,High
564,Weekday,7.17,8.67,4,2,1,6.07,81.6,47.96,Medium
118,Weekday,11.36,11.29,9,3,1,4.41,64.1,74.86,High
242,Weekday,9.01,11.64,10,1,1,6.5,61.0,82.14,High
758,Weekday,6.65,4.03,0,5,0,7.39,87.1,16.89,Low
408,Weekday,7.92,8.38,6,2,1,6.15,86.8,48.15,Medium
891,Weekday,6.36,4.95,1,5,0,7.0,99.0,14.85,Low
322,Weekday,9.14,9.18,5,3,1,5.5,84.7,50.65,Medium
873,Weekday,6.52,5.87,3,6,0,8.28,89.3,30.2,Low
45,Weekday,9.7,10.19,7,2,1,5.39,79.8,88.74,High
823,Weekday,6.17,7.2,1,4,0,7.96,88.5,13.96,Low
218,Weekday,11.32,13.55,10,0,1,5.86,56.2,73.71,High
767,Weekday,6.95,5.95,0,5,0,7.72,93.4,15.76,Low
407,Weekday,9.09,7.97,5,3,0,7.49,73.0,47.61,Medium
75,Weekday,10.84,11.26,10,2,1,4.98,62.1,88.45,High
44,Weekday,10.3,11.6,9,0,1,5.84,54.6,80.09,High
653,Weekday,7.95,5.38,2,3,0,7.32,95.0,14.98,Low
290,Weekday,9.97,10.23,8,0,1,3.8,56.7,86.73,High
299,Weekday,10.93,12.29,7,1,1,5.39,55.4,81.78,High
731,Weekday,6.02,6.02,0,5,0,8.5,98.5,33.46,Low
831,Weekday,6.22,7.82,2,3,0,8.3,98.6,24.91,Low
354,Weekday,8.72,8.1,6,2,0,6.92,71.3,55.67,Medium
174,Weekday,11.96,11.46,8,0,1,4.23,60.2,93.61,High
884,Weekday,7.03,4.38,1,5,0,8.82,93.1,35.25,Low
734,Weekday,7.66,5.97,1,6,0,8.99,89.4,38.23,Low
806,Weekday,7.19,6.72,2,7,0,7.77,98.9,21.24,Low
257,Weekday,9.58,10.38,7,0,1,3.71,65.2,77.02,High
776,Weekday,7.01,6.6,2,6,0,8.27,90.9,14.66,Low
331,Weekday,7.16,8.59,6,4,1,7.39,88.4,62.89,Medium
522,Weekday,8.93,7.94,5,3,1,7.66,78.6,47.26,Medium
304,Weekday,8.39,9.3,3,4,0,7.73,87.7,53.59,Medium
236,Weekday,9.92,11.01,5,0,1,3.64,65.9,76.91,High
396,Weekday,7.97,9.04,2,1,0,7.34,81.6,48.05,Medium
704,Weekday,7.54,6.68,0,5,0,9.07,99.8,28.11,Low
520,Weekday,8.3,9.42,2,2,0,8.0,74.7,63.35,Medium
69,Weekday,10.45,11.38,7,0,1,5.07,61.0,89.55,High
284,Weekday,9.56,10.64,6,1,1,4.53,70.2,77.05,High
700,Weekday,7.65,7.75,2,3,0,8.15,88.8,12.29,Low
74,Weekday,11.79,12.44,5,0,1,5.42,65.3,77.27,High
126,Weekday,10.61,11.16,9,1,1,4.08,63.4,80.86,High
64,Weekday,11.4,11.52,9,0,1,4.74,77.2,98.27,High
448,Weekday,9.16,8.47,3,3,0,6.76,70.8,65.36,Medium
504,Weekday,7.23,9.79,6,3,0,6.24,87.7,68.96,Medium
8,Weekday,9.71,11.74,6,1,1,4.21,59.9,86.39,High
524,Weekday,9.37,9.86,2,5,1,7.29,83.4,40.33,Medium
772,Weekday,6.27,5.72,1,6,0,8.55,94.6,15.51,Low
366,Weekday,8.67,7.43,4,4,1,6.94,74.2,56.38,Medium
617,Weekday,7.28,5.17,3,6,0,7.85,98.1,20.11,Low
685,Weekday,6.49,7.8,1,6,0,8.5,92.0,11.97,Low
460,Weekday,8.29,8.59,3,2,0,7.71,72.2,52.73,Medium
673,Weekday,6.63,7.16,2,6,0,7.88,97.9,31.87,Low
55,Weekday,10.19,11.85,9,1,1,5.11,75.5,74.0,High
329,Weekday,8.29,7.08,5,4,1,6.41,82.6,64.43,Medium
47,Weekday,10.02,10.6,5,1,1,5.8,55.1,96.16,High
403,Weekday,7.5,9.99,5,2,1,7.18,84.4,60.14,Medium
646,Weekday,7.53,4.51,2,5,0,9.8,99.5,32.34,Low
681,Weekday,6.68,6.64,1,7,0,8.19,92.8,19.9,Low
182,Weekday,11.9,13.24,6,0,1,4.76,53.5,99.04,High
97,Weekday,10.55,11.96,10,0,1,5.5,53.2,88.05,High
132,Weekday,10.45,11.69,9,0,1,4.93,69.7,80.48,High
110,Weekday,9.72,11.5,5,0,1,4.85,73.3,71.62,High
193,Weekday,11.21,13.15,9,2,1,4.94,64.0,87.97,High
202,Weekday,11.97,13.04,5,0,1,3.5,74.5,88.33,High
645,Weekday,7.15,7.19,1,5,0,7.58,99.6,32.94,Low
59,Weekday,11.3,12.34,6,2,1,4.95,71.9,99.42,High
581,Weekday,8.68,8.15,6,4,1,5.98,84.2,47.19,Medium
347,Weekday,7.85,8.43,4,2,1,6.96,83.0,42.85,Medium
176,Weekday,9.4,12.48,6,0,1,5.08,71.8,82.99,High
99,Weekday,11.58,11.28,9,0,1,6.5,77.9,78.47,High
297,Weekday,11.64,10.45,5,1,1,3.85,52.8,96.57,High
479,Weekday,7.4,8.59,3,2,0,6.45,86.0,68.02,Medium
319,Weekday,9.25,8.87,4,4,1,6.39,76.5,68.76,Medium
258,Weekday,10.32,13.11,10,1,1,3.65,53.6,71.18,High
567,Weekday,9.41,7.25,6,2,0,7.85,71.4,54.8,Medium
877,Weekday,6.01,5.25,1,6,0,7.6,100.0,24.3,Low
89,Weekday,11.97,11.16,5,1,1,5.48,60.1,95.95,High
440,Weekday,7.99,9.55,4,3,1,6.01,71.0,40.0,Medium
56,Weekday,10.25,10.57,10,2,1,4.44,57.2,77.17,High
798,Weekday,6.96,5.2,2,7,0,8.95,85.9,17.98,Low
577,Weekday,8.33,7.15,4,3,1,6.56,77.3,55.23,Medium
684,Weekday,7.43,6.92,1,4,0,9.23,98.6,31.57,Low
160,Weekday,9.54,10.5,5,1,1,3.5,64.2,87.7,High
573,Weekday,8.71,9.73,3,3,1,6.13,75.8,40.76,Medium
576,Weekday,8.15,7.03,2,5,1,8.0,87.1,68.21,Medium
716,Weekday,7.8,6.02,0,6,0,7.81,95.4,38.48,Low
492,Weekday,8.59,8.83,3,3,0,5.5,89.2,66.62,Medium
205,Weekday,10.64,11.99,8,0,1,5.72,60.2,84.4,High
861,Weekday,8.0,5.21,1,5,0,8.6,87.8,26.96,Low
779,Weekday,7.88,7.9,1,5,0,7.73,97.2,30.26,Low
636,Weekday,6.92,6.86,1,5,0,7.0,87.4,15.31,Low
438,Weekday,7.86,9.83,2,3,0,7.23,88.6,64.68,Medium
830,Weekday,6.57,7.57,1,5,0,9.22,91.2,39.86,Low
624,Weekday,6.07,6.38,1,6,0,9.69,89.5,15.2,Low
718,Weekday,6.75,7.92,3,3,0,8.39,87.1,14.6,Low
121,Weekday,11.44,11.76,10,0,1,5.08,58.0,97.27,High
309,Weekday,8.83,7.63,6,3,0,7.38,75.7,56.64,Medium
764,Weekday,7.82,5.7,0,6,0,8.24,96.7,13.06,Low
732,Weekday,6.86,4.55,1,7,0,8.14,89.3,39.61,Low
523,Weekday,7.94,9.42,5,2,0,6.99,79.6,49.02,Medium
123,Weekday,11.24,10.87,10,0,1,6.18,64.3,74.36,High
534,Weekday,9.19,8.85,3,2,1,6.1,79.3,41.82,Medium
546,Weekday,8.12,9.02,6,3,1,7.05,83.7,42.05,Medium
618,Weekday,7.46,6.87,1,7,0,8.19,85.7,39.83,Low
657,Weekday,7.55,5.38,2,6,0,9.67,85.8,15.9,Low
667,Weekday,7.23,7.58,3,4,0,8.25,85.1,13.66,Low
215,Weekday,9.11,12.58,10,1,1,5.85,56.8,82.3,High
67,Weekday,10.15,10.61,9,0,1,5.28,64.5,82.99,High
314,Weekday,8.76,9.93,3,4,0,6.59,70.9,46.36,Medium
899,Weekday,7.36,7.95,1,6,0,7.95,86.1,28.74,Low
248,Weekday,10.67,11.24,7,1,1,3.57,61.5,91.96,High
588,Weekday,8.87,7.17,2,3,1,7.52,84.2,64.23,Medium
471,Weekday,7.64,9.89,5,2,0,8.0,72.9,42.19,Medium
710,Weekday,7.05,6.47,1,8,0,8.37,91.6,25.15,Low
473,Weekday,8.69,8.81,6,3,0,6.38,87.8,56.81,Medium
405,Weekday,8.3,7.96,4,4,0,6.65,75.2,58.17,Medium
706,Weekday,6.02,6.09,3,4,0,7.2,94.7,29.12,Low
133,Weekday,9.14,11.28,10,0,1,6.09,65.4,74.5,High
756,Weekday,7.41,7.14,2,5,0,7.86,85.5,34.47,Low
62,Weekday,11.76,10.54,10,0,1,4.66,65.3,88.57,High
195,Weekday,9.03,12.76,10,2,1,6.14,76.8,82.82,High
10,Weekday,11.81,12.6,8,0,1,4.29,66.4,92.46,High
60,Weekday,9.18,13.57,10,1,1,5.44,65.3,70.51,High
316,Weekday,8.45,8.09,6,5,0,6.36,77.7,49.29,Medium
105,Weekday,11.75,10.26,7,2,1,5.08,69.7,76.18,High
313,Weekday,9.36,8.59,2,2,0,7.95,84.5,44.61,Medium
325,Weekday,8.92,9.42,3,2,1,6.76,82.8,44.78,Medium
623,Weekday,6.44,6.31,0,7,0,7.91,86.2,35.81,Low
619,Weekday,7.36,5.85,3,6,0,9.06,87.1,13.79,Low
875,Weekday,6.85,6.96,3,7,0,8.24,87.0,27.2,Low
585,Weekday,9.13,8.41,4,3,0,7.65,76.0,48.84,Medium
512,Weekday,8.1,9.84,4,3,1,5.92,79.2,45.08,Medium
885,Weekday,6.67,7.76,1,3,0,7.52,95.4,21.32,Low
796,Weekday,7.33,5.3,3,5,0,7.99,97.1,32.25,Low
106,Weekday,11.24,13.14,9,1,1,4.96,70.1,99.4,High
849,Weekday,6.13,5.75,1,4,0,10.0,96.6,12.9,Low
719,Weekday,7.59,4.98,1,6,0,8.89,90.4,32.78,Low
345,Weekday,8.07,9.03,2,4,0,5.54,83.3,51.28,Medium
450,Weekday,8.7,7.44,2,3,1,8.0,80.3,52.69,Medium
227,Weekday,11.76,13.19,6,0,1,4.09,68.1,81.28,High
77,Weekday,11.15,10.81,7,0,1,4.22,76.2,93.9,High
233,Weekday,11.37,10.52,5,1,1,6.18,68.1,91.14,High
276,Weekday,9.62,11.42,6,0,1,5.23,64.8,97.79,High
340,Weekday,7.89,9.34,5,4,0,6.12,76.4,65.22,Medium
343,Weekday,8.89,7.23,3,1,0,8.0,75.4,61.01,Medium
536,Weekday,7.86,9.58,2,4,1,8.0,70.2,46.26,Medium
743,Weekday,7.13,5.79,1,4,0,8.35,90.9,13.1,Low
371,Weekday,8.07,8.04,4,3,1,6.61,79.7,66.57,Medium
846,Weekday,6.57,4.72,3,6,0,8.46,89.4,17.6,Low
639,Weekday,7.91,4.81,2,5,0,7.09,93.6,24.49,Low
178,Weekday,9.25,10.67,6,0,1,4.61,65.0,86.21,High
528,Weekday,8.61,8.89,4,2,1,6.79,72.8,56.87,Medium
535,Weekday,9.17,8.36,5,5,0,6.37,78.7,64.05,Medium
164,Weekday,11.31,11.36,8,1,1,5.27,65.6,82.66,High
771,Weekday,7.39,5.89,3,6,0,8.59,88.8,18.53,Low
453,Weekday,9.33,9.61,5,2,1,7.15,87.9,55.02,Medium
474,Weekday,9.24,9.68,4,2,0,6.08,77.5,58.24,Medium
754,Weekday,6.22,7.66,0,4,0,8.18,94.0,39.83,Low
795,Weekday,6.73,5.98,0,4,0,7.55,87.5,23.71,Low
402,Weekday,7.82,7.93,6,4,1,7.25,84.5,53.12,Medium
247,Weekday,9.68,13.65,6,2,1,5.92,57.8,78.45,High
468,Weekday,7.7,7.09,2,4,0,7.64,82.9,41.89,Medium
130,Weekday,10.13,12.14,5,1,1,4.95,70.5,92.92,High
612,Weekday,6.22,5.75,2,5,0,8.94,97.4,36.52,Low
226,Weekday,10.82,10.46,7,0,1,3.7,62.8,77.91,High
301,Weekday,9.21,8.45,4,3,1,5.88,85.0,63.77,Medium
183,Weekday,9.88,12.81,8,0,1,4.85,78.8,76.45,High
172,Weekday,11.05,11.25,6,1,1,5.39,62.4,93.44,High
375,Weekday,7.74,7.54,3,4,1,7.01,80.1,69.25,Medium
327,Weekday,8.79,9.77,2,4,1,5.5,81.5,59.66,Medium
638,Weekday,7.66,6.41,3,7,0,8.44,96.7,20.14,Low
400,Weekday,8.87,7.28,2,3,0,6.53,88.7,63.28,Medium
294,Weekday,10.81,13.7,10,0,1,5.58,57.4,73.86,High
488,Weekday,8.33,7.21,5,2,0,5.77,82.6,48.64,Medium
493,Weekday,8.09,9.34,2,3,0,6.64,80.5,57.74,Medium
711,Weekday,7.95,6.24,1,7,0,8.21,94.0,20.03,Low
149,Weekday,10.72,12.96,5,1,1,5.02,68.3,99.74,High
372,Weekday,7.41,9.94,3,3,0,6.57,86.2,55.35,Medium
220,Weekday,10.97,13.25,5,2,1,6.0,56.5,89.1,High
511,Weekday,7.69,7.19,6,2,1,7.2,79.6,65.38,Medium
557,Weekday,8.25,8.92,3,3,1,8.0,79.3,43.04,Medium
629,Weekday,6.45,7.97,0,6,0,7.97,92.7,36.42,Low
279,Weekday,9.58,13.92,6,0,1,4.85,77.8,75.27,High
724,Weekday,7.52,7.0,3,5,0,7.0,87.5,27.13,Low
391,Weekday,7.09,9.56,5,4,1,7.0,87.8,49.04,Medium
194,Weekday,9.4,10.93,6,0,1,5.2,62.2,83.59,High
889,Weekday,6.78,4.17,3,6,0,7.37,85.9,37.31,Low
759,Weekday,7.98,7.62,3,6,0,7.0,97.7,25.17,Low
727,Weekday,6.42,7.82,2,3,0,8.63,88.2,13.52,Low
381,Weekday,8.8,7.1,4,4,1,6.66,74.0,48.94,Medium
143,Weekday,11.65,12.44,6,0,1,4.16,54.6,94.94,High
725,Weekday,6.74,6.86,1,6,0,9.08,98.6,20.23,Low
184,Weekday,10.76,13.11,9,0,1,5.65,79.6,91.65,High
134,Weekday,11.92,12.72,8,2,1,6.17,61.7,72.3,High
729,Weekday,7.38,4.55,2,4,0,8.06,92.8,16.0,Low
417,Weekday,7.73,9.02,2,2,0,6.0,81.9,68.56,Medium
626,Weekday,6.75,4.97,1,7,0,8.2,90.8,18.97,Low
311,Weekday,7.17,8.13,3,5,1,6.68,82.9,44.63,Medium
54,Weekday,9.06,12.66,7,0,1,5.03,51.8,92.33,High
9,Weekday,10.56,11.61,7,2,1,5.0,78.0,93.73,High
746,Weekday,7.31,5.94,0,5,0,7.95,86.1,31.39,Low
222,Weekday,11.51,11.74,5,1,1,4.91,70.4,81.69,High
416,Weekday,7.83,7.28,2,4,0,7.04,81.5,65.83,Medium
203,Weekday,9.29,12.72,8,1,1,3.5,60.6,92.3,High
423,Weekday,9.4,9.32,5,4,1,6.33,76.2,51.91,Medium
809,Weekday,6.8,5.86,2,5,0,7.91,96.5,10.82,Low
42,Weekday,10.29,10.64,10,1,1,3.77,74.1,83.83,High
251,Weekday,9.92,13.84,9,0,1,4.59,72.8,80.48,High
603,Weekday,7.89,6.38,1,4,0,7.86,86.1,26.18,Low
335,Weekday,8.81,9.16,6,2,1,5.72,74.9,54.23,Medium
40,Weekday,10.09,11.89,8,1,1,4.55,69.7,95.06,High
243,Weekday,9.88,12.37,8,2,1,4.07,73.4,99.54,High
100,Weekday,9.8,10.13,10,1,1,6.17,53.7,93.58,High
245,Weekday,10.48,11.42,6,0,1,5.39,64.5,92.41,High
50,Weekday,11.29,13.33,7,0,1,5.04,63.4,82.98,High
508,Weekday,8.82,7.81,4,2,1,6.95,75.9,58.01,Medium
389,Weekday,9.43,7.64,5,3,1,7.13,74.1,48.27,Medium
384,Weekday,7.69,9.8,4,3,0,8.0,84.1,50.96,Medium
856,Weekday,7.2,7.25,2,6,0,7.56,91.4,21.49,Low
586,Weekday,9.46,7.54,5,3,1,7.2,72.8,60.73,Medium
344,Weekday,8.33,7.53,3,2,1,6.62,80.0,65.0,Medium
773,Weekday,7.86,4.27,0,7,0,8.32,98.9,15.22,Low
561,Weekday,8.41,7.09,3,3,0,7.38,87.9,65.1,Medium
708,Weekday,6.01,6.21,1,8,0,9.77,93.3,11.73,Low
675,Weekday,7.11,4.88,2,6,0,7.04,99.0,36.95,Low
0,Weekday,9.62,12.81,8,0,1,4.77,57.2,82.41,High
161,Weekday,9.52,11.13,10,2,1,5.67,72.9,89.72,High
280,Weekday,10.42,12.79,9,0,1,4.08,66.3,73.46,High
498,Weekday,7.51,7.37,2,3,0,5.57,88.0,61.26,Medium
712,Weekday,6.55,6.04,0,5,0,7.46,91.8,18.99,Low
793,Weekday,7.58,5.66,1,6,0,8.58,94.0,12.22,Low
388,Weekday,8.43,7.0,5,1,1,6.08,72.6,62.18,Medium
66,Weekday,10.33,10.4,6,0,1,4.02,54.4,89.5,High
154,Weekday,10.58,10.35,6,1,1,6.31,76.3,71.5,High
843,Weekday,7.57,6.0,1,5,0,7.63,86.1,34.85,Low
609,Weekday,7.31,6.25,1,6,0,7.58,92.2,25.59,Low
857,Weekday,7.4,6.14,2,5,0,8.62,90.9,18.91,Low
58,Weekday,11.01,12.49,9,0,1,4.9,52.8,74.58,High
35,Weekday,10.61,10.27,8,1,1,3.5,59.9,92.99,High
300,Weekday,7.74,8.15,5,3,0,5.66,84.5,55.24,Medium
691,Weekday,7.06,7.11,0,4,0,7.34,95.3,34.84,Low
658,Weekday,6.61,5.71,0,5,0,7.91,88.0,11.92,Low
717,Weekday,6.7,5.35,1,6,0,9.12,94.9,21.78,Low
529,Weekday,9.13,8.01,5,2,1,7.03,74.1,57.03,Medium
452,Weekday,8.42,7.27,6,4,0,7.03,74.3,61.3,Medium
738,Weekday,6.56,4.21,1,4,0,8.2,96.6,38.23,Low
87,Weekday,11.42,10.06,7,0,1,4.17,67.1,72.59,High
237,Weekday,9.73,11.36,10,0,1,4.63,66.0,98.15,High
752,Weekday,7.41,7.05,2,7,0,8.58,87.8,36.51,Low
167,Weekday,10.57,13.47,10,0,1,4.1,67.8,78.96,High
434,Weekday,7.84,8.96,6,3,1,7.45,80.2,50.6,Medium
96,Weekday,10.81,13.11,9,1,1,5.78,60.8,72.64,High
531,Weekday,7.23,9.17,3,4,0,6.27,82.3,64.79,Medium
621,Weekday,7.31,4.06,3,5,0,7.29,89.0,33.03,Low
378,Weekday,7.2,9.68,4,3,0,8.0,74.0,45.85,Medium
775,Weekday,7.39,7.47,1,4,0,7.99,99.1,21.29,Low
398,Weekday,7.85,8.01,5,3,1,6.47,89.6,66.02,Medium
480,Weekday,8.83,8.2,3,2,1,5.76,82.7,62.8,Medium
496,Weekday,9.34,7.42,5,2,1,6.68,71.4,41.36,Medium
394,Weekday,7.49,9.46,6,3,0,7.07,89.8,50.87,Medium
2,Weekday,10.58,12.35,9,1,1,4.29,59.5,82.0,High
92,Weekday,9.43,11.45,7,1,1,4.23,58.8,73.29,High
271,Weekday,11.83,10.69,6,0,1,5.47,53.5,79.39,High
365,Weekday,8.95,9.51,6,2,1,6.57,86.6,62.44,Medium
649,Weekday,7.46,5.45,1,6,0,8.19,94.5,10.05,Low
682,Weekday,6.59,6.08,0,5,0,8.8,98.5,23.83,Low
540,Weekday,8.38,7.74,5,2,0,5.58,75.3,64.63,Medium
663,Weekday,7.62,4.58,0,5,0,8.37,99.3,28.45,Low
431,Weekday,9.49,8.94,3,4,1,6.38,87.1,48.66,Medium
41,Weekday,10.81,12.68,7,2,1,5.47,53.0,79.44,High
122,Weekday,9.22,10.64,8,0,1,6.28,70.5,78.02,High
451,Weekday,8.66,8.52,2,5,1,6.17,75.7,60.32,Medium
395,Weekday,7.32,9.23,5,4,1,7.15,73.3,66.54,Medium
662,Weekday,6.45,7.02,3,6,0,7.0,95.7,33.78,Low
866,Weekday,6.52,7.31,1,5,0,8.23,86.0,10.89,Low
497,Weekday,8.11,9.12,4,6,0,5.5,81.2,62.83,Medium
659,Weekday,7.78,5.13,0,6,0,8.05,95.1,39.75,Low
362,Weekday,7.86,9.26,4,3,0,7.36,85.6,60.99,Medium
485,Weekday,8.03,9.16,5,4,0,6.65,81.4,60.5,Medium
38,Weekday,11.83,11.17,5,1,1,4.83,76.0,85.9,High
595,Weekday,8.4,8.18,2,3,1,5.51,80.3,61.03,Medium
166,Weekday,11.43,11.04,7,0,1,4.55,78.9,91.42,High
477,Weekday,8.44,9.71,6,3,1,7.45,78.9,62.65,Medium
5,Weekday,11.95,13.59,9,1,1,6.41,61.6,70.78,High
611,Weekday,7.79,4.95,3,7,0,8.18,90.3,21.99,Low
456,Weekday,9.35,7.32,2,2,0,6.96,83.4,69.92,Medium
872,Weekday,7.57,6.45,3,5,0,7.67,89.9,26.43,Low
827,Weekday,6.79,7.23,1,6,0,8.21,99.1,37.06,Low
264,Weekday,11.64,12.42,10,0,1,5.88,55.5,79.05,High
778,Weekday,6.55,4.01,0,7,0,8.8,95.1,38.89,Low
886,Weekday,6.06,5.23,1,5,0,7.93,96.7,21.99,Low
228,Weekday,11.21,12.29,10,0,1,5.22,54.2,84.02,High
27,Weekday,9.15,11.12,10,0,1,4.68,64.4,81.9,High
213,Weekday,11.16,12.3,10,0,1,5.08,66.9,94.31,High
210,Weekday,11.46,11.04,9,2,1,5.87,58.0,71.57,High
441,Weekday,7.87,9.06,3,2,0,7.21,86.5,48.57,Medium
465,Weekday,7.08,8.46,2,1,1,6.64,74.9,62.2,Medium
457,Weekday,9.05,8.54,2,3,1,6.91,78.0,54.48,Medium
742,Weekday,7.58,6.21,2,4,0,9.42,86.2,20.7,Low
109,Weekday,10.54,12.95,9,0,1,3.5,59.9,73.32,High
323,Weekday,7.5,8.51,3,4,1,7.6,87.8,67.1,Medium
871,Weekday,7.03,4.67,2,6,0,7.97,89.7,10.87,Low
820,Weekday,7.19,4.39,2,5,0,7.82,99.5,17.81,Low
597,Weekday,8.15,7.95,3,1,0,6.04,87.6,47.0,Medium
424,Weekday,9.07,9.16,2,4,1,6.51,70.2,55.16,Medium
330,Weekday,8.27,8.13,3,3,0,5.75,77.7,45.66,Medium
730,Weekday,6.95,5.26,3,6,0,8.31,89.8,22.82,Low
187,Weekday,11.03,11.38,10,0,1,4.82,53.6,88.33,High
422,Weekday,8.01,7.15,6,1,0,6.69,70.2,45.98,Medium
393,Weekday,7.13,8.65,4,2,1,5.5,72.4,57.69,Medium
834,Weekday,7.1,5.13,1,6,0,7.0,87.3,20.18,Low
231,Weekday,10.83,11.21,7,0,1,5.05,78.1,94.54,High
647,Weekday,6.3,4.18,2,5,0,7.94,97.0,33.56,Low
82,Weekday,10.23,11.65,9,1,1,4.92,66.9,98.86,High
212,Weekday,10.14,11.49,10,1,1,4.12,66.0,82.17,High
404,Weekday,9.1,8.74,5,2,0,6.77,85.8,49.3,Medium
111,Weekday,11.25,12.97,8,0,1,4.3,55.0,94.98,High
862,Weekday,6.11,4.38,3,7,0,10.0,95.6,27.81,Low
556,Weekday,9.3,9.44,4,3,0,7.68,73.7,57.72,Medium
882,Weekday,7.16,7.74,2,6,0,7.91,87.2,30.52,Low
709,Weekday,7.45,4.78,0,5,0,8.76,88.4,31.32,Low
605,Weekday,7.14,6.23,1,5,0,7.68,98.8,13.41,Low
103,Weekday,9.36,13.71,6,0,1,4.98,50.3,94.62,High
353,Weekday,9.0,9.74,3,1,0,7.63,86.4,69.96,Medium
679,Weekday,7.98,5.38,1,5,0,9.3,92.7,25.65,Low
560,Weekday,8.31,9.55,2,3,1,7.92,84.1,62.45,Medium
575,Weekday,9.4,9.08,2,3,0,6.31,77.4,40.16,Medium
516,Weekday,8.19,9.82,2,4,1,6.71,78.1,63.52,Medium
549,Weekday,9.3,9.22,6,3,1,7.04,83.8,60.81,Medium
519,Weekday,8.64,9.17,3,2,0,7.44,88.2,48.68,Medium
757,Weekday,6.93,6.49,1,5,0,7.51,99.9,17.5,Low
124,Weekday,10.76,11.88,7,1,1,4.31,78.2,88.58,High
455,Weekday,8.4,8.33,4,1,1,6.16,82.2,41.89,Medium
558,Weekday,7.76,8.14,5,2,1,7.49,83.2,41.14,Medium
376,Weekday,7.32,8.58,4,1,1,5.78,77.9,50.66,Medium
515,Weekday,9.15,7.48,3,2,0,7.27,72.7,67.47,Medium
569,Weekday,7.6,9.86,6,3,1,6.19,88.8,68.49,Medium
897,Weekday,6.96,5.96,0,5,0,7.96,96.4,19.94,Low
544,Weekday,8.54,7.51,4,3,0,5.92,84.1,51.79,Medium
587,Weekday,7.22,7.13,2,4,1,6.94,76.5,46.27,Medium
701,Weekday,7.16,7.9,1,3,0,7.34,95.3,30.59,Low
232,Weekday,10.56,12.44,7,1,1,6.26,54.6,94.68,High
688,Weekday,7.27,5.39,1,3,0,7.0,92.1,27.13,Low
505,Weekday,7.17,8.83,5,2,1,6.22,71.6,42.53,Medium
654,Weekday,7.77,6.72,3,3,0,8.26,90.6,20.42,Low
148,Weekday,9.23,10.97,8,1,1,4.19,60.6,70.49,High
845,Weekday,6.44,6.93,0,3,0,8.59,94.6,34.99,Low
829,Weekday,6.15,4.57,1,5,0,8.43,88.7,37.1,Low
500,Weekday,8.85,8.21,6,3,0,7.11,76.1,69.37,Medium
435,Weekday,8.45,9.57,2,3,1,6.8,76.5,43.36,Medium
57,Weekday,11.23,11.88,9,0,1,5.08,53.1,80.72,High
214,Weekday,10.62,10.72,7,0,1,5.26,78.7,75.64,High
661,Weekday,6.24,5.86,3,4,0,9.31,90.3,10.97,Low
680,Weekday,6.47,6.93,2,6,0,8.23,98.8,24.48,Low
542,Weekday,9.21,7.04,5,3,0,6.18,78.6,46.03,Medium
142,Weekday,11.71,11.74,8,0,1,4.37,75.5,98.52,High
565,Weekday,9.15,8.18,3,4,1,5.5,82.7,60.22,Medium
774,Weekday,7.63,5.02,3,7,0,8.28,85.5,33.88,Low
150,Weekday,11.88,12.02,7,0,1,4.87,70.7,83.33,High
559,Weekday,8.79,7.94,6,2,1,6.02,83.4,53.0,Medium
526,Weekday,8.84,8.27,4,3,0,6.19,79.1,43.29,Medium
72,Weekday,9.53,12.12,10,1,1,5.45,74.2,95.57,High
369,Weekday,7.94,7.44,3,4,1,7.73,70.7,43.3,Medium
836,Weekday,7.73,4.69,1,6,0,7.62,89.4,24.55,Low
25,Weekday,10.59,11.18,9,0,1,4.99,72.5,81.43,High
805,Weekday,7.32,4.21,1,6,0,7.98,98.1,10.55,Low
655,Weekday,7.08,6.17,1,5,0,8.21,85.7,32.63,Low
341,Weekday,7.75,9.34,6,3,1,7.05,86.4,69.95,Medium
81,Weekday,11.43,11.27,6,1,1,5.24,50.5,72.51,High
180,Weekday,9.51,13.12,8,1,1,5.81,61.2,85.93,High
1,Weekday,10.96,12.58,7,1,1,5.15,50.7,76.02,High
336,Weekday,8.87,8.78,4,3,0,6.34,76.9,56.95,Medium
489,Weekday,7.53,9.14,5,6,1,5.93,80.5,52.41,Medium
579,Weekday,8.04,9.84,6,3,0,6.06,86.2,69.28,Medium
749,Weekday,7.62,7.79,0,5,0,7.81,98.1,17.71,Low
521,Weekday,8.77,7.3,5,3,0,6.35,87.5,40.68,Medium
676,Weekday,6.2,4.63,2,5,0,7.5,92.6,34.22,Low
674,Weekday,7.46,4.05,3,5,0,8.86,86.1,13.62,Low
36,Weekday,10.58,12.82,10,1,1,5.28,65.2,82.57,High
170,Weekday,10.0,11.56,6,0,1,5.24,50.2,77.51,High
790,Weekday,7.62,6.32,1,7,0,7.86,91.5,32.05,Low
461,Weekday,8.84,9.01,4,3,0,6.52,72.6,63.77,Medium
120,Weekday,11.22,10.12,5,1,1,4.94,73.0,89.3,High
29,Weekday,10.61,10.42,10,0,1,4.97,59.1,70.79,High
858,Weekday,6.79,5.95,1,8,0,8.22,94.5,28.75,Low
22,Weekday,11.02,13.7,5,0,1,5.12,53.3,95.43,High
642,Weekday,6.68,6.71,3,6,0,7.0,86.2,14.53,Low
387,Weekday,7.69,7.04,6,1,1,6.95,71.3,48.09,Medium
593,Weekday,8.73,7.89,3,3,1,7.32,70.6,49.43,Medium
361,Weekday,9.24,7.98,2,3,1,7.08,72.5,65.84,Medium
32,Weekday,9.59,10.33,7,0,1,6.23,71.6,95.88,High
788,Weekday,7.42,7.36,2,5,0,7.65,96.7,27.21,Low
656,Weekday,7.45,7.22,3,4,0,8.14,92.2,24.86,Low
350,Weekday,7.0,8.86,4,2,1,6.05,72.4,64.25,Medium
419,Weekday,7.74,9.95,4,1,0,6.93,86.9,48.26,Medium
13,Weekday,11.68,10.99,5,1,1,5.02,50.9,87.22,High
85,Weekday,11.28,12.74,10,1,1,4.1,65.8,95.71,High
127,Weekday,10.27,13.57,8,1,1,4.15,72.0,72.25,High
272,Weekday,11.62,10.51,6,0,1,5.05,56.7,76.72,High
31,Weekday,11.11,13.54,5,1,1,5.5,75.1,95.05,High
554,Weekday,7.41,8.99,2,2,1,6.88,89.0,69.99,Medium
101,Weekday,11.02,12.83,5,0,1,4.05,53.3,82.96,High
769,Weekday,6.26,6.04,0,4,0,7.74,90.8,33.76,Low
784,Weekday,6.48,5.84,2,5,0,7.55,94.7,14.9,Low
854,Weekday,6.15,6.4,1,4,0,8.0,98.7,23.72,Low
363,Weekday,8.14,7.29,6,3,0,6.71,71.2,69.46,Medium
377,Weekday,9.42,9.25,6,3,1,5.74,78.7,53.5,Medium
95,Weekday,11.83,11.36,8,0,1,4.9,69.3,93.94,High
306,Weekday,9.35,7.59,6,1,0,6.45,70.2,55.43,Medium
429,Weekday,7.52,7.58,4,3,1,8.0,87.0,53.15,Medium
239,Weekday,11.3,13.87,7,2,1,4.28,76.4,99.16,High
351,Weekday,9.44,8.6,2,3,1,5.69,73.3,69.68,Medium
816,Weekday,6.17,5.15,1,7,0,8.5,87.6,22.94,Low
409,Weekday,8.01,8.79,2,4,0,5.5,72.1,67.09,Medium
364,Weekday,8.7,7.85,4,3,0,8.0,70.3,48.8,Medium
285,Weekday,9.42,11.64,5,0,1,4.49,55.2,89.63,High
606,Weekday,6.52,5.46,1,6,0,7.75,89.3,29.36,Low
552,Weekday,7.45,9.6,4,1,1,5.98,86.1,61.36,Medium
547,Weekday,8.56,9.68,2,5,0,6.19,70.1,49.69,Medium
744,Weekday,7.3,7.45,1,7,0,8.13,96.1,17.68,Low
890,Weekday,7.19,5.77,2,6,0,8.84,98.9,27.16,Low
307,Weekday,8.31,9.43,6,3,1,5.81,82.6,40.82,Medium
382,Weekday,7.59,8.82,6,2,1,7.14,72.1,64.11,Medium
800,Weekday,6.72,6.22,3,4,0,7.38,94.3,19.45,Low
383,Weekday,9.34,7.94,6,2,1,5.99,84.4,40.53,Medium
265,Weekday,9.41,13.48,6,0,1,4.6,51.6,97.46,High
478,Weekday,8.71,7.78,4,2,0,7.07,86.7,61.14,Medium
